{
    "name": "cron-sync",
    "tasks": [
        [
            {
                "plugin": "jira",
                "Options": {
                    "boardId": 8,
                    "sourceId": 1
                }
            },
            {
                "plugin": "gitlab",
                "Options": {
                    "projectId": 8967944
                }
            },
            {
                "plugin": "jenkins",
                "Options": {}
            },
            {
                "Plugin": "github",
                "Options": {
                    "repo": "lake",
                    "owner": "merico-dev"
                }
            }
        ]
    ]
}
