{
  "annotations": {
    "list": [
      {
        "builtIn": 1,
        "datasource": "-- Grafana --",
        "enable": true,
        "hide": true,
        "iconColor": "rgba(0, 211, 255, 1)",
        "name": "Annotations & Alerts",
        "type": "dashboard"
      }
    ]
  },
  "editable": true,
  "gnetId": null,
  "graphTooltip": 0,
  "id": 10,
  "links": [],
  "panels": [
    {
      "datasource": "mysql",
      "fieldConfig": {
        "defaults": {
          "color": {
            "mode": "thresholds"
          },
          "mappings": [],
          "thresholds": {
            "mode": "absolute",
            "steps": [
              {
                "color": "green",
                "value": null
              }
            ]
          }
        },
        "overrides": []
      },
      "gridPos": {
        "h": 6,
        "w": 4,
        "x": 0,
        "y": 0
      },
      "id": 10,
      "options": {
        "colorMode": "value",
        "graphMode": "area",
        "justifyMode": "auto",
        "orientation": "auto",
        "reduceOptions": {
          "calcs": [
            "lastNotNull"
          ],
          "fields": "",
          "values": false
        },
        "text": {},
        "textMode": "auto"
      },
      "pluginVersion": "8.0.6",
      "targets": [
        {
          "format": "table",
          "group": [],
          "metricColumn": "none",
          "queryType": "randomWalk",
          "rawQuery": true,
          "rawSql": "SELECT\n  sum(additions)\nFROM commits\nWHERE\n  $__timeFilter(created_at)\n  AND message not like '%Merge branch%'",
          "refId": "A",
          "select": [
            [
              {
                "params": [
                  "duration_sec"
                ],
                "type": "column"
              }
            ]
          ],
          "table": "builds",
          "timeColumn": "created_at",
          "timeColumnType": "timestamp",
          "where": [
            {
              "name": "$__timeFilter",
              "params": [],
              "type": "macro"
            }
          ]
        }
      ],
      "title": "Added LOC",
      "type": "stat"
    },
    {
      "datasource": "mysql",
      "fieldConfig": {
        "defaults": {
          "color": {
            "mode": "thresholds"
          },
          "mappings": [],
          "thresholds": {
            "mode": "absolute",
            "steps": [
              {
                "color": "green",
                "value": null
              },
              {
                "color": "red",
                "value": 80
              }
            ]
          }
        },
        "overrides": []
      },
      "gridPos": {
        "h": 6,
        "w": 4,
        "x": 4,
        "y": 0
      },
      "id": 12,
      "options": {
        "colorMode": "value",
        "graphMode": "area",
        "justifyMode": "auto",
        "orientation": "auto",
        "reduceOptions": {
          "calcs": [
            "lastNotNull"
          ],
          "fields": "",
          "values": false
        },
        "text": {},
        "textMode": "auto"
      },
      "pluginVersion": "8.0.6",
      "targets": [
        {
          "format": "table",
          "group": [],
          "metricColumn": "none",
          "queryType": "randomWalk",
          "rawQuery": true,
          "rawSql": "SELECT\n  sum(deletions)\nFROM commits\nWHERE\n  $__timeFilter(created_at) \n  AND message not like '%Merge branch%'\n",
          "refId": "A",
          "select": [
            [
              {
                "params": [
                  "duration_sec"
                ],
                "type": "column"
              }
            ]
          ],
          "table": "builds",
          "timeColumn": "created_at",
          "timeColumnType": "timestamp",
          "where": [
            {
              "name": "$__timeFilter",
              "params": [],
              "type": "macro"
            }
          ]
        }
      ],
      "title": "Deleted Loc",
      "type": "stat"
    },
    {
      "datasource": "mysql",
      "fieldConfig": {
        "defaults": {
          "color": {
            "mode": "palette-classic"
          },
          "custom": {
            "axisLabel": "",
            "axisPlacement": "auto",
            "barAlignment": 0,
            "drawStyle": "line",
            "fillOpacity": 0,
            "gradientMode": "none",
            "hideFrom": {
              "legend": false,
              "tooltip": false,
              "viz": false
            },
            "lineInterpolation": "linear",
            "lineWidth": 1,
            "pointSize": 5,
            "scaleDistribution": {
              "type": "linear"
            },
            "showPoints": "auto",
            "spanNulls": false,
            "stacking": {
              "group": "A",
              "mode": "none"
            },
            "thresholdsStyle": {
              "mode": "off"
            }
          },
          "mappings": [],
          "thresholds": {
            "mode": "absolute",
            "steps": [
              {
                "color": "green",
                "value": null
              },
              {
                "color": "red",
                "value": 80
              }
            ]
          }
        },
        "overrides": []
      },
      "gridPos": {
        "h": 13,
        "w": 12,
        "x": 8,
        "y": 0
      },
      "id": 14,
      "options": {
        "legend": {
          "calcs": [],
          "displayMode": "list",
          "placement": "bottom"
        },
        "tooltip": {
          "mode": "single"
        }
      },
      "targets": [
        {
          "format": "time_series",
          "group": [],
          "metricColumn": "none",
          "queryType": "randomWalk",
          "rawQuery": true,
          "rawSql": "with loc as(\n  SELECT\n    DATE_ADD(date(authored_date), INTERVAL 1 DAY) as time,\n    sum(additions) as added_LOC,\n    sum(deletions) as deleted_LOC\n  FROM commits\n  WHERE\n    message not like '%Merge branch%'\n    and $__timeFilter(authored_date)\n  group by 1\n)\n\nSELECT \n  timestamp(time) as time,\n  added_LOC as \"Added LOC\",\n  deleted_LOC as \"Deleted LOC\"\nFROM loc\nORDER BY 1",
          "refId": "A",
          "select": [
            [
              {
                "params": [
                  "duration_sec"
                ],
                "type": "column"
              }
            ]
          ],
          "table": "builds",
          "timeColumn": "created_at",
          "timeColumnType": "timestamp",
          "where": [
            {
              "name": "$__timeFilter",
              "params": [],
              "type": "macro"
            }
          ]
        }
      ],
      "title": "Added and Deleted LOC Over Time",
      "type": "timeseries"
    },
    {
      "datasource": "mysql",
      "fieldConfig": {
        "defaults": {
          "color": {
            "mode": "thresholds"
          },
          "mappings": [],
          "thresholds": {
            "mode": "absolute",
            "steps": [
              {
                "color": "green",
                "value": null
              },
              {
                "color": "red",
                "value": 80
              }
            ]
          }
        },
        "overrides": []
      },
      "gridPos": {
        "h": 7,
        "w": 4,
        "x": 0,
        "y": 6
      },
      "id": 8,
      "options": {
        "colorMode": "value",
        "graphMode": "area",
        "justifyMode": "auto",
        "orientation": "auto",
        "reduceOptions": {
          "calcs": [
            "lastNotNull"
          ],
          "fields": "",
          "values": false
        },
        "text": {},
        "textMode": "auto"
      },
      "pluginVersion": "8.0.6",
      "targets": [
        {
          "format": "table",
          "group": [],
          "metricColumn": "none",
          "queryType": "randomWalk",
          "rawQuery": true,
          "rawSql": "SELECT\n  count(distinct author_email) as developer_count\nFROM commits",
          "refId": "A",
          "select": [
            [
              {
                "params": [
                  "duration_sec"
                ],
                "type": "column"
              }
            ]
          ],
          "table": "builds",
          "timeColumn": "created_at",
          "timeColumnType": "timestamp",
          "where": [
            {
              "name": "$__timeFilter",
              "params": [],
              "type": "macro"
            }
          ]
        }
      ],
      "title": "Total Developers By Email",
      "type": "stat"
    },
    {
      "datasource": "mysql",
      "fieldConfig": {
        "defaults": {
          "color": {
            "mode": "thresholds"
          },
          "mappings": [],
          "thresholds": {
            "mode": "absolute",
            "steps": [
              {
                "color": "green",
                "value": null
              },
              {
                "color": "red",
                "value": 80
              }
            ]
          }
        },
        "overrides": []
      },
      "gridPos": {
        "h": 7,
        "w": 4,
        "x": 4,
        "y": 6
      },
      "id": 6,
      "options": {
        "colorMode": "value",
        "graphMode": "area",
        "justifyMode": "auto",
        "orientation": "auto",
        "reduceOptions": {
          "calcs": [
            "lastNotNull"
          ],
          "fields": "",
          "values": false
        },
        "text": {},
        "textMode": "auto"
      },
      "pluginVersion": "8.0.6",
      "targets": [
        {
          "format": "time_series",
          "group": [],
          "metricColumn": "none",
          "queryType": "randomWalk",
          "rawQuery": true,
          "rawSql": "SELECT\n  now() AS \"time\",\n  count(*) as value\nFROM \n  prs\nWHERE\n $__timeFilter(created_at) AND state = 'open'\ngroup by 1\nORDER BY 1",
          "refId": "A",
          "select": [
            [
              {
                "params": [
                  "duration_sec"
                ],
                "type": "column"
              }
            ]
          ],
          "table": "builds",
          "timeColumn": "created_at",
          "timeColumnType": "timestamp",
          "where": [
            {
              "name": "$__timeFilter",
              "params": [],
              "type": "macro"
            }
          ]
        }
      ],
      "title": "Open Pull Requests",
      "type": "stat"
    },
    {
      "datasource": "mysql",
      "fieldConfig": {
        "defaults": {
          "color": {
            "mode": "thresholds"
          },
          "mappings": [],
          "thresholds": {
            "mode": "absolute",
            "steps": [
              {
                "color": "green",
                "value": null
              },
              {
                "color": "red",
                "value": 80
              }
            ]
          }
        },
        "overrides": []
      },
      "gridPos": {
        "h": 7,
        "w": 4,
        "x": 0,
        "y": 13
      },
      "id": 4,
      "options": {
        "colorMode": "value",
        "graphMode": "area",
        "justifyMode": "auto",
        "orientation": "auto",
        "reduceOptions": {
          "calcs": [
            "lastNotNull"
          ],
          "fields": "",
          "values": false
        },
        "text": {},
        "textMode": "auto"
      },
      "pluginVersion": "8.0.6",
      "targets": [
        {
          "format": "table",
          "group": [],
          "metricColumn": "none",
          "queryType": "randomWalk",
          "rawQuery": true,
          "rawSql": "SELECT\n  now() AS \"time\",\n  count(*) as value\nFROM \n  prs\nWHERE\n $__timeFilter(created_at)\ngroup by 1\nORDER BY 1",
          "refId": "A",
          "select": [
            [
              {
                "params": [
                  "duration_sec"
                ],
                "type": "column"
              }
            ]
          ],
          "table": "builds",
          "timeColumn": "created_at",
          "timeColumnType": "timestamp",
          "where": [
            {
              "name": "$__timeFilter",
              "params": [],
              "type": "macro"
            }
          ]
        }
      ],
      "title": "Total Pull Request Count",
      "type": "stat"
    },
    {
      "datasource": "mysql",
      "fieldConfig": {
        "defaults": {
          "color": {
            "mode": "thresholds"
          },
          "mappings": [],
          "thresholds": {
            "mode": "absolute",
            "steps": [
              {
                "color": "green",
                "value": null
              },
              {
                "color": "red",
                "value": 80
              }
            ]
          }
        },
        "overrides": []
      },
      "gridPos": {
        "h": 7,
        "w": 4,
        "x": 4,
        "y": 13
      },
      "id": 2,
      "options": {
        "colorMode": "value",
        "graphMode": "area",
        "justifyMode": "auto",
        "orientation": "auto",
        "reduceOptions": {
          "calcs": [
            "lastNotNull"
          ],
          "fields": "",
          "values": false
        },
        "text": {},
        "textMode": "auto"
      },
      "pluginVersion": "8.0.6",
      "targets": [
        {
          "format": "table",
          "group": [],
          "metricColumn": "none",
          "queryType": "randomWalk",
          "rawQuery": true,
          "rawSql": "SELECT\n  count(sha)\n  \nFROM commits\nWHERE\n  $__timeFilter(created_at)\n",
          "refId": "A",
          "select": [
            [
              {
                "params": [
                  "duration_sec"
                ],
                "type": "column"
              }
            ]
          ],
          "table": "builds",
          "timeColumn": "created_at",
          "timeColumnType": "timestamp",
          "where": [
            {
              "name": "$__timeFilter",
              "params": [],
              "type": "macro"
            }
          ]
        }
      ],
      "title": "Total Commits",
      "type": "stat"
    }
  ],
  "schemaVersion": 30,
  "style": "dark",
  "tags": [],
  "templating": {
    "list": []
  },
  "time": {
    "from": "2021-01-30T18:24:57.517Z",
    "to": "2022-02-02T18:24:57.519Z"
  },
  "timepicker": {},
  "timezone": "",
  "title": "Github Domain Layer Only",
  "uid": "ilRLEaFnz",
  "version": 5
}
