{
  "annotations": {
    "list": [
      {
        "builtIn": 1,
        "datasource": "-- Grafana --",
        "enable": true,
        "hide": true,
        "iconColor": "rgba(0, 211, 255, 1)",
        "name": "Annotations & Alerts",
        "type": "dashboard"
      }
    ]
  },
  "editable": true,
  "gnetId": null,
  "graphTooltip": 0,
  "id": 10,
  "iteration": 1638297448523,
  "links": [
    {
      "asDropdown": false,
      "icon": "bolt",
      "includeVars": false,
      "keepTime": false,
      "tags": [],
      "targetBlank": false,
      "title": "Homepage",
      "tooltip": "",
      "type": "link",
      "url": "/d/Lv1XbLHnk/data-specific-dashboards-homepage"
    },
    {
      "asDropdown": false,
      "icon": "external link",
      "includeVars": false,
      "keepTime": true,
      "tags": [
        "Data Source Specific Dashboard"
      ],
      "targetBlank": false,
      "title": "Metric dashboards",
      "tooltip": "",
      "type": "dashboards",
      "url": ""
    }
  ],
  "panels": [
    {
      "datasource": null,
      "gridPos": {
        "h": 4,
        "w": 24,
        "x": 0,
        "y": 0
      },
      "id": 48,
      "options": {
        "content": "<div style=\"display: block;text-align: center;margin-top: 56px;\">\n  <div style=\"display: inline-flex;\">\n    <img src=\"/public/img/lake/1.png\" alt=\"No.1\" width=\"56\">\n    <p style=\"font-size:24px; margin:10px; color:#BFC1C8;\"><b>MR Troughput and Pass Rate<b></b></b></p><b><b>\n  </div>\n</div>",
        "mode": "html"
      },
      "pluginVersion": "8.0.6",
      "targets": [
        {
          "queryType": "randomWalk",
          "refId": "A"
        }
      ],
      "transparent": true,
      "type": "text"
    },
    {
      "datasource": "mysql",
      "description": "1. Total number of Pull/Merge request created.\n2. The PR/MR being calculated are filtered by \"PR/MR creation time\" (time filter at the upper-right corner)",
      "fieldConfig": {
        "defaults": {
          "mappings": [],
          "thresholds": {
            "mode": "absolute",
            "steps": [
              {
                "color": "green",
                "value": null
              }
            ]
          }
        },
        "overrides": []
      },
      "gridPos": {
        "h": 6,
        "w": 8,
        "x": 0,
        "y": 4
      },
      "id": 4,
      "options": {
        "colorMode": "value",
        "graphMode": "area",
        "justifyMode": "auto",
        "orientation": "auto",
        "reduceOptions": {
          "calcs": [
            "mean"
          ],
          "fields": "",
          "values": false
        },
        "text": {},
        "textMode": "auto"
      },
      "pluginVersion": "8.0.6",
      "targets": [
        {
          "format": "time_series",
          "group": [],
          "metricColumn": "none",
          "rawQuery": true,
          "rawSql": "SELECT\n  now() AS \"time\",\n  count(*) as value\nFROM \n  gitlab_merge_requests gmr\nWHERE\n  gmr.project_id = $repo_id\n  and $__timeFilter(gitlab_created_at)\ngroup by 1\nORDER BY 1",
          "refId": "A",
          "select": [
            [
              {
                "params": [
                  "progress"
                ],
                "type": "column"
              }
            ]
          ],
          "table": "ca_analysis",
          "timeColumn": "create_time",
          "timeColumnType": "timestamp",
          "where": [
            {
              "name": "$__timeFilter",
              "params": [],
              "type": "macro"
            }
          ]
        }
      ],
      "timeFrom": null,
      "timeShift": null,
      "title": "Merge Request Count",
      "type": "stat"
    },
    {
      "datasource": "mysql",
      "description": "1. Total number of Pull/Merge request merged.\n2. The PR/MR being calculated are filtered by \"PR/MR creation time\" (time filter at the upper-right corner)",
      "fieldConfig": {
        "defaults": {
          "mappings": [],
          "max": 100,
          "min": 0,
          "thresholds": {
            "mode": "absolute",
            "steps": [
              {
                "color": "green",
                "value": null
              }
            ]
          },
          "unit": "none"
        },
        "overrides": []
      },
      "gridPos": {
        "h": 6,
        "w": 8,
        "x": 8,
        "y": 4
      },
      "id": 6,
      "options": {
        "colorMode": "value",
        "graphMode": "area",
        "justifyMode": "auto",
        "orientation": "auto",
        "reduceOptions": {
          "calcs": [
            "lastNotNull"
          ],
          "fields": "",
          "values": false
        },
        "text": {},
        "textMode": "auto"
      },
      "pluginVersion": "8.0.6",
      "targets": [
        {
          "format": "time_series",
          "group": [],
          "metricColumn": "none",
          "queryType": "randomWalk",
          "rawQuery": true,
          "rawSql": "SELECT\n  now() as time,\n  count(*) as value\nFROM\n  gitlab_merge_requests gmr\nWHERE\n  gmr.project_id = $repo_id\n  and state = 'merged'\n  and $__timeFilter(gitlab_created_at)\n",
          "refId": "A",
          "select": [
            [
              {
                "params": [
                  "value"
                ],
                "type": "column"
              }
            ]
          ],
          "timeColumn": "time",
          "where": [
            {
              "name": "$__timeFilter",
              "params": [],
              "type": "macro"
            }
          ]
        }
      ],
      "timeFrom": null,
      "timeShift": null,
      "title": "Merge Request Pass Count",
      "type": "stat"
    },
    {
      "datasource": "mysql",
      "description": "Pull Request Pass Count/Pull Request Count",
      "fieldConfig": {
        "defaults": {
          "mappings": [],
          "max": 100,
          "min": 0,
          "thresholds": {
            "mode": "absolute",
            "steps": [
              {
                "color": "red",
                "value": null
              },
              {
                "color": "green",
                "value": 0.8
              }
            ]
          },
          "unit": "percentunit"
        },
        "overrides": []
      },
      "gridPos": {
        "h": 6,
        "w": 8,
        "x": 16,
        "y": 4
      },
      "id": 37,
      "options": {
        "colorMode": "value",
        "graphMode": "area",
        "justifyMode": "auto",
        "orientation": "auto",
        "reduceOptions": {
          "calcs": [
            "lastNotNull"
          ],
          "fields": "",
          "values": false
        },
        "text": {},
        "textMode": "auto"
      },
      "pluginVersion": "8.0.6",
      "targets": [
        {
          "format": "time_series",
          "group": [],
          "metricColumn": "none",
          "queryType": "randomWalk",
          "rawQuery": true,
          "rawSql": "SELECT\n  now() as time,\n  1.0 * count(case when state = 'merged' then 1 else null end)/count(*)\nFROM\n  gitlab_merge_requests gmr\nWHERE\n  gmr.project_id = $repo_id\n  and $__timeFilter(gitlab_created_at)\n",
          "refId": "A",
          "select": [
            [
              {
                "params": [
                  "value"
                ],
                "type": "column"
              }
            ]
          ],
          "timeColumn": "time",
          "where": [
            {
              "name": "$__timeFilter",
              "params": [],
              "type": "macro"
            }
          ]
        }
      ],
      "timeFrom": null,
      "timeShift": null,
      "title": "Merge Request Pass Rate (%)",
      "type": "stat"
    },
    {
      "datasource": "mysql",
      "description": "1. Pull Request Pass Rate over time.\n2. The time granularity can be switched to week or month by \"Time Interval\" above. \n3. When Time Interval is set to \"month\", value \"pull_request_pass_rate\" of \"2021-06-01\" calculates the PR/MR whose creation time falls under [2020-06-01, 2020-07-01)",
      "fieldConfig": {
        "defaults": {
          "color": {
            "mode": "palette-classic"
          },
          "custom": {
            "axisLabel": "Rate(%)",
            "axisPlacement": "auto",
            "barAlignment": 0,
            "drawStyle": "line",
            "fillOpacity": 0,
            "gradientMode": "none",
            "hideFrom": {
              "legend": false,
              "tooltip": false,
              "viz": false
            },
            "lineInterpolation": "linear",
            "lineWidth": 1,
            "pointSize": 5,
            "scaleDistribution": {
              "type": "linear"
            },
            "showPoints": "auto",
            "spanNulls": false,
            "stacking": {
              "group": "A",
              "mode": "none"
            },
            "thresholdsStyle": {
              "mode": "off"
            }
          },
          "mappings": [],
          "min": 0,
          "thresholds": {
            "mode": "absolute",
            "steps": [
              {
                "color": "green",
                "value": null
              },
              {
                "color": "red",
                "value": 80
              }
            ]
          },
          "unit": "percentunit"
        },
        "overrides": []
      },
      "gridPos": {
        "h": 6,
        "w": 24,
        "x": 0,
        "y": 10
      },
      "id": 8,
      "options": {
        "legend": {
          "calcs": [],
          "displayMode": "hidden",
          "placement": "bottom"
        },
        "tooltip": {
          "mode": "single"
        }
      },
      "pluginVersion": "8.0.6",
      "targets": [
        {
          "format": "time_series",
          "group": [],
          "metricColumn": "none",
          "queryType": "randomWalk",
          "rawQuery": true,
          "rawSql": "with _mr_request_rate as(\n  SELECT\n    DATE_ADD(date(gitlab_created_at), INTERVAL -$interval(date(gitlab_created_at))+1 DAY) as time,\n    state\n  FROM\n    gitlab_merge_requests gmr\n  WHERE\n    gmr.project_id = $repo_id\n    and $__timeFilter(gitlab_created_at)\n)\n\nSELECT \n  timestamp(time) as time,\n  1.0 * count(case when state = 'merged' then 1 else null end)/count(*) as \"Pull Request Pass Rate\"\nFROM _mr_request_rate\nGROUP BY 1\nORDER BY 1\n",
          "refId": "A",
          "select": [
            [
              {
                "params": [
                  "value"
                ],
                "type": "column"
              }
            ]
          ],
          "timeColumn": "time",
          "where": [
            {
              "name": "$__timeFilter",
              "params": [],
              "type": "macro"
            }
          ]
        }
      ],
      "timeFrom": null,
      "timeShift": null,
      "title": "Merge Request Pass Rate over Time",
      "type": "timeseries"
    },
    {
      "datasource": null,
      "gridPos": {
        "h": 4,
        "w": 24,
        "x": 0,
        "y": 16
      },
      "id": 50,
      "options": {
        "content": "<div style=\"display: block;text-align: center;margin-top: 56px;\">\n  <div style=\"display: inline-flex;\">\n    <img src=\"/public/img/lake/2.png\" alt=\"No.2\" width=\"56\">\n    <p style=\"font-size:24px; margin:10px; color:#BFC1C8;\"><b>MR Review Metrics<b></b></b></p><b><b>\n  </div>\n</div>",
        "mode": "html"
      },
      "pluginVersion": "8.0.6",
      "targets": [
        {
          "queryType": "randomWalk",
          "refId": "A"
        }
      ],
      "transparent": true,
      "type": "text"
    },
    {
      "datasource": "mysql",
      "description": "1. Average PR/MR review time.\n2. PR/MR review time refers to the time between the creation time and merged time of a PR/MR.\n3. The PR/MR being calculated are filtered by \"PR/MR creation time\" (time filter at the upper-right corner) and \"Gitlab repo\"(\"Choose Repo\" filter at the upper-left corner)",
      "fieldConfig": {
        "defaults": {
          "decimals": 1,
          "mappings": [],
          "thresholds": {
            "mode": "absolute",
            "steps": [
              {
                "color": "green",
                "value": null
              },
              {
                "color": "red",
                "value": 3
              }
            ]
          }
        },
        "overrides": []
      },
      "gridPos": {
        "h": 6,
        "w": 6,
        "x": 0,
        "y": 20
      },
      "id": 80,
      "options": {
        "colorMode": "value",
        "graphMode": "area",
        "justifyMode": "auto",
        "orientation": "auto",
        "reduceOptions": {
          "calcs": [
            "mean"
          ],
          "fields": "",
          "values": false
        },
        "text": {},
        "textMode": "auto"
      },
      "pluginVersion": "8.0.6",
      "targets": [
        {
          "format": "time_series",
          "group": [],
          "metricColumn": "none",
          "rawQuery": true,
          "rawSql": "select \n  now() as time,\n  avg(TIMESTAMPDIFF(MINUTE,gitlab_created_at,merged_at))/1440 as value\nfrom gitlab_merge_requests\nWHERE\n  merged_at is not null\n  and $__timeFilter(gitlab_created_at)\n  and project_id = $repo_id",
          "refId": "A",
          "select": [
            [
              {
                "params": [
                  "progress"
                ],
                "type": "column"
              }
            ]
          ],
          "table": "ca_analysis",
          "timeColumn": "create_time",
          "timeColumnType": "timestamp",
          "where": [
            {
              "name": "$__timeFilter",
              "params": [],
              "type": "macro"
            }
          ]
        }
      ],
      "timeFrom": null,
      "timeShift": null,
      "title": "Avg Merge Request Review Time (day)",
      "type": "stat"
    },
    {
      "datasource": "mysql",
      "description": "1. The 80th percentile PR/MR review time.\n2. The PR/MR being calculated are filtered by \"PR/MR creation time\" (time filter at the upper-right corner) and \"Gitlab repo\"(\"Choose Repo\" filter at the upper-left corner)",
      "fieldConfig": {
        "defaults": {
          "decimals": 1,
          "mappings": [],
          "thresholds": {
            "mode": "absolute",
            "steps": [
              {
                "color": "green",
                "value": null
              },
              {
                "color": "red",
                "value": 7
              }
            ]
          }
        },
        "overrides": []
      },
      "gridPos": {
        "h": 6,
        "w": 6,
        "x": 6,
        "y": 20
      },
      "id": 83,
      "options": {
        "colorMode": "value",
        "graphMode": "area",
        "justifyMode": "auto",
        "orientation": "auto",
        "reduceOptions": {
          "calcs": [
            "mean"
          ],
          "fields": "",
          "values": false
        },
        "text": {},
        "textMode": "auto"
      },
      "pluginVersion": "8.0.6",
      "targets": [
        {
          "format": "time_series",
          "group": [],
          "metricColumn": "none",
          "rawQuery": true,
          "rawSql": "with _ranks as(\n  select \n    TIMESTAMPDIFF(SECOND,gitlab_created_at,merged_at)/86400 as metric,\n    percent_rank() over (order by TIMESTAMPDIFF(MINUTE,gitlab_created_at,merged_at) asc) as ranks\n  from gitlab_merge_requests\n  WHERE\n    merged_at is not null\n    and $__timeFilter(gitlab_created_at)\n    and project_id = $repo_id\n  )\n  \nselect\n  now() as time,\n  max(metric) as value\nfrom _ranks\nwhere \n  ranks <= 0.8\ngroup by 1",
          "refId": "A",
          "select": [
            [
              {
                "params": [
                  "progress"
                ],
                "type": "column"
              }
            ]
          ],
          "table": "ca_analysis",
          "timeColumn": "create_time",
          "timeColumnType": "timestamp",
          "where": [
            {
              "name": "$__timeFilter",
              "params": [],
              "type": "macro"
            }
          ]
        }
      ],
      "timeFrom": null,
      "timeShift": null,
      "title": "80th Percentile Merge Request Review Time(day)",
      "type": "stat"
    },
    {
      "datasource": "mysql",
      "description": "1. The average and 80th percentile PR/MR review time over time.\n2. The time granularity can be switched to week or month by \"Time Interval\" above. \n3. When Time Interval is set to \"month\", the average review time of \"2021-06-01\" refers to the review time of PR/MR whose creation time falls under [2020-06-01, 2020-07-01)",
      "fieldConfig": {
        "defaults": {
          "color": {
            "mode": "palette-classic"
          },
          "custom": {
            "axisLabel": "Review Time (day)",
            "axisPlacement": "auto",
            "axisSoftMin": -3,
            "barAlignment": 0,
            "drawStyle": "line",
            "fillOpacity": 0,
            "gradientMode": "none",
            "hideFrom": {
              "legend": false,
              "tooltip": false,
              "viz": false
            },
            "lineInterpolation": "linear",
            "lineWidth": 1,
            "pointSize": 5,
            "scaleDistribution": {
              "type": "linear"
            },
            "showPoints": "auto",
            "spanNulls": false,
            "stacking": {
              "group": "A",
              "mode": "none"
            },
            "thresholdsStyle": {
              "mode": "off"
            }
          },
          "mappings": [],
          "thresholds": {
            "mode": "absolute",
            "steps": [
              {
                "color": "green",
                "value": null
              }
            ]
          },
          "unit": "none"
        },
        "overrides": []
      },
      "gridPos": {
        "h": 6,
        "w": 12,
        "x": 12,
        "y": 20
      },
      "id": 82,
      "options": {
        "legend": {
          "calcs": [],
          "displayMode": "list",
          "placement": "bottom"
        },
        "tooltip": {
          "mode": "single"
        }
      },
      "pluginVersion": "8.0.6",
      "targets": [
        {
          "format": "time_series",
          "group": [],
          "metricColumn": "none",
          "rawQuery": true,
          "rawSql": "with reviewed_mr as(\n  select\n    DATE_ADD(date(gitlab_created_at), INTERVAL -$interval(date(gitlab_created_at))+1 DAY) as time,\n    TIMESTAMPDIFF(SECOND,first_comment_time,merged_at)/86400 as review_time\n  from gitlab_merge_requests\n  WHERE\n    merged_at is not null\n    and $__timeFilter(gitlab_created_at)\n    and project_id = $repo_id\n)\n\nselect \n  timestamp(time) as time,\n  avg(review_time) as \"Average Review Time\"\nfrom reviewed_mr\ngroup by 1\norder by 1 asc",
          "refId": "A",
          "select": [
            [
              {
                "params": [
                  "progress"
                ],
                "type": "column"
              }
            ]
          ],
          "table": "ca_analysis",
          "timeColumn": "create_time",
          "timeColumnType": "timestamp",
          "where": [
            {
              "name": "$__timeFilter",
              "params": [],
              "type": "macro"
            }
          ]
        }
      ],
      "timeFrom": null,
      "timeShift": null,
      "title": "Merge Request Review Time over Time",
      "type": "timeseries"
    },
    {
      "datasource": "mysql",
      "description": "The average round of PR/MR review.",
      "fieldConfig": {
        "defaults": {
          "mappings": [],
          "thresholds": {
            "mode": "absolute",
            "steps": [
              {
                "color": "green",
                "value": null
              }
            ]
          }
        },
        "overrides": []
      },
      "gridPos": {
        "h": 6,
        "w": 8,
        "x": 0,
        "y": 26
      },
      "id": 53,
      "options": {
        "colorMode": "value",
        "graphMode": "area",
        "justifyMode": "auto",
        "orientation": "auto",
        "reduceOptions": {
          "calcs": [
            "mean"
          ],
          "fields": "",
          "values": false
        },
        "text": {},
        "textMode": "auto"
      },
      "pluginVersion": "8.0.6",
      "targets": [
        {
          "format": "time_series",
          "group": [],
          "metricColumn": "none",
          "rawQuery": true,
          "rawSql": "SELECT\n  now() AS \"time\",\n  avg(review_rounds) as value\nFROM \n  gitlab_merge_requests gmr\nWHERE\n  state = 'merged'\n  and review_rounds > 0\n  and gmr.project_id = $repo_id\n  and $__timeFilter(gitlab_created_at)\ngroup by 1\nORDER BY 1",
          "refId": "A",
          "select": [
            [
              {
                "params": [
                  "progress"
                ],
                "type": "column"
              }
            ]
          ],
          "table": "ca_analysis",
          "timeColumn": "create_time",
          "timeColumnType": "timestamp",
          "where": [
            {
              "name": "$__timeFilter",
              "params": [],
              "type": "macro"
            }
          ]
        }
      ],
      "timeFrom": null,
      "timeShift": null,
      "title": "Average Merge Request Review Round",
      "type": "stat"
    },
    {
      "datasource": "mysql",
      "description": "1. Avg PR/MR Review Round over time.\n2. The time granularity can be switched to week or month by \"Time Interval\" above. \n3. When Time Interval is set to \"month\", value \"Avg Pull Request Review Round\" of \"2021-06-01\" calculates the PR/MR whose creation time falls under [2020-06-01, 2020-07-01)",
      "fieldConfig": {
        "defaults": {
          "color": {
            "mode": "palette-classic"
          },
          "custom": {
            "axisLabel": "Rate(%)",
            "axisPlacement": "auto",
            "barAlignment": 0,
            "drawStyle": "line",
            "fillOpacity": 0,
            "gradientMode": "none",
            "hideFrom": {
              "legend": false,
              "tooltip": false,
              "viz": false
            },
            "lineInterpolation": "linear",
            "lineWidth": 1,
            "pointSize": 5,
            "scaleDistribution": {
              "type": "linear"
            },
            "showPoints": "auto",
            "spanNulls": false,
            "stacking": {
              "group": "A",
              "mode": "none"
            },
            "thresholdsStyle": {
              "mode": "off"
            }
          },
          "mappings": [],
          "min": 0,
          "thresholds": {
            "mode": "absolute",
            "steps": [
              {
                "color": "green",
                "value": null
              },
              {
                "color": "red",
                "value": 80
              }
            ]
          },
          "unit": "none"
        },
        "overrides": []
      },
      "gridPos": {
        "h": 6,
        "w": 16,
        "x": 8,
        "y": 26
      },
      "id": 55,
      "options": {
        "legend": {
          "calcs": [],
          "displayMode": "hidden",
          "placement": "bottom"
        },
        "tooltip": {
          "mode": "single"
        }
      },
      "pluginVersion": "8.0.6",
      "targets": [
        {
          "format": "time_series",
          "group": [],
          "metricColumn": "none",
          "queryType": "randomWalk",
          "rawQuery": true,
          "rawSql": "SELECT\n  timestamp(DATE_ADD(date(gitlab_created_at), INTERVAL -$interval(date(gitlab_created_at))+1 DAY)) as time,\n  avg(review_rounds) as \"Pull Request Reveiw Round\"\nFROM\n  gitlab_merge_requests gmr\nWHERE\n  state = 'merged'\n  and review_rounds > 0\n  and gmr.project_id = $repo_id\n  and $__timeFilter(gitlab_created_at)\nGROUP BY 1\nORDER BY 1",
          "refId": "A",
          "select": [
            [
              {
                "params": [
                  "value"
                ],
                "type": "column"
              }
            ]
          ],
          "timeColumn": "time",
          "where": [
            {
              "name": "$__timeFilter",
              "params": [],
              "type": "macro"
            }
          ]
        }
      ],
      "timeFrom": null,
      "timeShift": null,
      "title": "Average Merge Request Review Round over Time",
      "type": "timeseries"
    },
    {
      "datasource": "mysql",
      "description": "The average round of PR/MR review of PR authors.",
      "fieldConfig": {
        "defaults": {
          "color": {
            "mode": "palette-classic"
          },
          "custom": {
            "axisLabel": "",
            "axisPlacement": "auto",
            "axisSoftMin": 0,
            "fillOpacity": 80,
            "gradientMode": "none",
            "hideFrom": {
              "legend": false,
              "tooltip": false,
              "viz": false
            },
            "lineWidth": 1
          },
          "mappings": [],
          "thresholds": {
            "mode": "absolute",
            "steps": [
              {
                "color": "green",
                "value": null
              }
            ]
          }
        },
        "overrides": []
      },
      "gridPos": {
        "h": 6,
        "w": 24,
        "x": 0,
        "y": 32
      },
      "id": 54,
      "options": {
        "barWidth": 0.52,
        "groupWidth": 0.7,
        "legend": {
          "calcs": [],
          "displayMode": "list",
          "placement": "bottom"
        },
        "orientation": "auto",
        "showValue": "auto",
        "text": {},
        "tooltip": {
          "mode": "single"
        }
      },
      "pluginVersion": "8.0.6",
      "targets": [
        {
          "format": "table",
          "group": [],
          "metricColumn": "none",
          "rawQuery": true,
          "rawSql": "SELECT\n  now() AS \"time\",\n  author_username as Author,\n  avg(review_rounds) as value\nFROM \n  gitlab_merge_requests gmr\nWHERE\n  state = 'merged'\n  and review_rounds > 0\n  and gmr.project_id = $repo_id\n  and $__timeFilter(gitlab_created_at)\nGROUP BY 1,2\nORDER BY 3 desc\nlimit 20",
          "refId": "A",
          "select": [
            [
              {
                "params": [
                  "progress"
                ],
                "type": "column"
              }
            ]
          ],
          "table": "ca_analysis",
          "timeColumn": "create_time",
          "timeColumnType": "timestamp",
          "where": [
            {
              "name": "$__timeFilter",
              "params": [],
              "type": "macro"
            }
          ]
        }
      ],
      "timeFrom": null,
      "timeShift": null,
      "title": "Average Merge Request Review Round by Author",
      "type": "barchart"
    },
    {
      "datasource": "mysql",
      "description": "One-time pass rate for PR/MR over time.",
      "fieldConfig": {
        "defaults": {
          "color": {
            "mode": "palette-classic"
          },
          "custom": {
            "axisLabel": "One-time Pass Rate(%)",
            "axisPlacement": "auto",
            "barAlignment": 0,
            "drawStyle": "line",
            "fillOpacity": 0,
            "gradientMode": "none",
            "hideFrom": {
              "legend": false,
              "tooltip": false,
              "viz": false
            },
            "lineInterpolation": "linear",
            "lineWidth": 1,
            "pointSize": 5,
            "scaleDistribution": {
              "type": "linear"
            },
            "showPoints": "auto",
            "spanNulls": false,
            "stacking": {
              "group": "A",
              "mode": "none"
            },
            "thresholdsStyle": {
              "mode": "off"
            }
          },
          "mappings": [],
          "min": 0,
          "thresholds": {
            "mode": "absolute",
            "steps": [
              {
                "color": "green",
                "value": null
              }
            ]
          },
          "unit": "percentunit"
        },
        "overrides": []
      },
      "gridPos": {
        "h": 6,
        "w": 24,
        "x": 0,
        "y": 38
      },
      "id": 56,
      "options": {
        "legend": {
          "calcs": [],
          "displayMode": "hidden",
          "placement": "bottom"
        },
        "tooltip": {
          "mode": "single"
        }
      },
      "pluginVersion": "8.0.6",
      "targets": [
        {
          "format": "time_series",
          "group": [],
          "metricColumn": "none",
          "queryType": "randomWalk",
          "rawQuery": true,
          "rawSql": "with _review_rounds as(\n  SELECT\n    DATE_ADD(date(gitlab_created_at), INTERVAL -$interval(date(gitlab_created_at))+1 DAY) as time,\n    review_rounds\n  FROM\n    gitlab_merge_requests gmr\n  WHERE\n    state = 'merged'\n    and review_rounds > 0\n    and gmr.project_id = $repo_id\n    and $__timeFilter(gitlab_created_at)\n)\n\nSELECT \n  timestamp(time) as time,\n  count(case when review_rounds = 1 then true else null end)/count(*) as one_time_pass_rate\nFROM \n  _review_rounds\nGROUP BY 1\nORDER BY 1",
          "refId": "A",
          "select": [
            [
              {
                "params": [
                  "value"
                ],
                "type": "column"
              }
            ]
          ],
          "timeColumn": "time",
          "where": [
            {
              "name": "$__timeFilter",
              "params": [],
              "type": "macro"
            }
          ]
        }
      ],
      "timeFrom": null,
      "timeShift": null,
      "title": "One-time Pass Rate for Code Reviews over Time",
      "type": "timeseries"
    },
    {
      "datasource": null,
      "gridPos": {
        "h": 4,
        "w": 24,
        "x": 0,
        "y": 44
      },
      "id": 52,
      "options": {
        "content": "<div style=\"display: block;text-align: center;margin-top: 56px;\">\n  <div style=\"display: inline-flex;\">\n    <img src=\"/public/img/lake/3.png\" alt=\"No.3\" width=\"56\">\n    <p style=\"font-size:24px; margin:10px; color:#BFC1C8;\"><b>Commit Metrics<b></b></b></p><b><b>\n  </div>\n</div>",
        "mode": "html"
      },
      "pluginVersion": "8.0.6",
      "targets": [
        {
          "queryType": "randomWalk",
          "refId": "A"
        }
      ],
      "transparent": true,
      "type": "text"
    },
    {
      "datasource": "mysql",
      "description": "1. Total number of commits created.\n2. The commits being calculated are filtered by \"authored_date\" (time filter at the upper-right corner) and \"Gitlab repo\"(\"Choose Repo\" filter at the upper-left corner)",
      "fieldConfig": {
        "defaults": {
          "decimals": 1,
          "mappings": [],
          "thresholds": {
            "mode": "absolute",
            "steps": [
              {
                "color": "green",
                "value": null
              },
              {
                "color": "red",
                "value": 80
              }
            ]
          },
          "unit": "short"
        },
        "overrides": []
      },
      "gridPos": {
        "h": 6,
        "w": 6,
        "x": 0,
        "y": 48
      },
      "id": 34,
      "options": {
        "colorMode": "value",
        "graphMode": "area",
        "justifyMode": "auto",
        "orientation": "auto",
        "reduceOptions": {
          "calcs": [
            "mean"
          ],
          "fields": "",
          "values": false
        },
        "text": {},
        "textMode": "auto"
      },
      "pluginVersion": "8.0.6",
      "targets": [
        {
          "format": "time_series",
          "group": [],
          "metricColumn": "none",
          "rawQuery": true,
          "rawSql": "SELECT\n  now() AS \"time\",\n  count(*) as value\nFROM gitlab_commits\nWHERE\n  $__timeFilter(authored_date)\n  and project_id = $repo_id\ngroup by 1\nORDER BY 1",
          "refId": "A",
          "select": [
            [
              {
                "params": [
                  "progress"
                ],
                "type": "column"
              }
            ]
          ],
          "table": "ca_analysis",
          "timeColumn": "create_time",
          "timeColumnType": "timestamp",
          "where": [
            {
              "name": "$__timeFilter",
              "params": [],
              "type": "macro"
            }
          ]
        }
      ],
      "timeFrom": null,
      "timeShift": null,
      "title": "Commit Count",
      "type": "stat"
    },
    {
      "datasource": "mysql",
      "description": "1. Number of commits created over time.\n2. When Time Interval is set to \"month\", the commit_count\" of \"2021-06-01\" calculates the commits whose creation time falls under [2020-06-01, 2020-07-01)",
      "fieldConfig": {
        "defaults": {
          "color": {
            "mode": "palette-classic"
          },
          "custom": {
            "axisLabel": "Commit Count",
            "axisPlacement": "auto",
            "barAlignment": 0,
            "drawStyle": "line",
            "fillOpacity": 0,
            "gradientMode": "none",
            "hideFrom": {
              "legend": false,
              "tooltip": false,
              "viz": false
            },
            "lineInterpolation": "linear",
            "lineWidth": 1,
            "pointSize": 5,
            "scaleDistribution": {
              "type": "linear"
            },
            "showPoints": "auto",
            "spanNulls": false,
            "stacking": {
              "group": "A",
              "mode": "none"
            },
            "thresholdsStyle": {
              "mode": "off"
            }
          },
          "mappings": [],
          "thresholds": {
            "mode": "absolute",
            "steps": [
              {
                "color": "green",
                "value": null
              },
              {
                "color": "red",
                "value": 80
              }
            ]
          },
          "unit": "none"
        },
        "overrides": []
      },
      "gridPos": {
        "h": 6,
        "w": 12,
        "x": 6,
        "y": 48
      },
      "id": 36,
      "options": {
        "legend": {
          "calcs": [],
          "displayMode": "list",
          "placement": "bottom"
        },
        "tooltip": {
          "mode": "single"
        }
      },
      "pluginVersion": "8.0.6",
      "targets": [
        {
          "format": "time_series",
          "group": [],
          "metricColumn": "none",
          "rawQuery": true,
          "rawSql": "with _commits as(\n  SELECT\n    DATE_ADD(date(authored_date), INTERVAL -$interval(date(authored_date))+1 DAY) as time,\n    count(*) as commit_count\n  FROM gitlab_commits\n  WHERE\n    $__timeFilter(authored_date)\n    and project_id = $repo_id\n  group by 1\n)\n\nSELECT \n  timestamp(time) as time,\n  commit_count as \"Commit Count\"\nFROM _commits\nORDER BY 1",
          "refId": "A",
          "select": [
            [
              {
                "params": [
                  "progress"
                ],
                "type": "column"
              }
            ]
          ],
          "table": "ca_analysis",
          "timeColumn": "create_time",
          "timeColumnType": "timestamp",
          "where": [
            {
              "name": "$__timeFilter",
              "params": [],
              "type": "macro"
            }
          ]
        }
      ],
      "timeFrom": null,
      "timeShift": null,
      "title": "Commit Count over Time",
      "type": "timeseries"
    },
    {
      "aliasColors": {},
      "bars": true,
      "dashLength": 10,
      "dashes": false,
      "datasource": "mysql",
      "description": "The number of commits from different repos.",
      "fill": 1,
      "fillGradient": 0,
      "gridPos": {
        "h": 6,
        "w": 6,
        "x": 18,
        "y": 48
      },
      "hiddenSeries": false,
      "id": 87,
      "legend": {
        "avg": false,
        "current": false,
        "max": false,
        "min": false,
        "show": false,
        "total": false,
        "values": false
      },
      "lines": false,
      "linewidth": 1,
      "nullPointMode": "null",
      "options": {
        "alertThreshold": true
      },
      "percentage": false,
      "pluginVersion": "8.0.6",
      "pointradius": 2,
      "points": false,
      "renderer": "flot",
      "seriesOverrides": [],
      "spaceLength": 10,
      "stack": false,
      "steppedLine": false,
      "targets": [
        {
          "format": "time_series",
          "group": [],
          "metricColumn": "none",
          "rawQuery": true,
          "rawSql": "SELECT\n  now() as time,\n  gp.name as metric,\n  count(*) as value\nFROM gitlab_commits gc\n  join gitlab_projects gp on gc.project_id = gp.gitlab_id\nWHERE\n  $__timeFilter(authored_date)\n  and gc.project_id = $repo_id\ngroup by 1,2\norder by 1",
          "refId": "A",
          "select": [
            [
              {
                "params": [
                  "progress"
                ],
                "type": "column"
              }
            ]
          ],
          "table": "ca_analysis",
          "timeColumn": "create_time",
          "timeColumnType": "timestamp",
          "where": [
            {
              "name": "$__timeFilter",
              "params": [],
              "type": "macro"
            }
          ]
        }
      ],
      "thresholds": [],
      "timeFrom": null,
      "timeRegions": [],
      "timeShift": null,
      "title": "Commit Count by Repo",
      "tooltip": {
        "shared": false,
        "sort": 0,
        "value_type": "individual"
      },
      "type": "graph",
      "xaxis": {
        "buckets": null,
        "mode": "series",
        "name": null,
        "show": true,
        "values": [
          "total"
        ]
      },
      "yaxes": [
        {
          "$$hashKey": "object:89",
          "format": "short",
          "label": null,
          "logBase": 1,
          "max": null,
          "min": null,
          "show": true
        },
        {
          "$$hashKey": "object:90",
          "format": "short",
          "label": null,
          "logBase": 1,
          "max": null,
          "min": null,
          "show": true
        }
      ],
      "yaxis": {
        "align": false,
        "alignLevel": null
      }
    },
    {
      "datasource": "mysql",
      "description": "1. Sum of the number of added lines of code under all commits.\n2. The commits being calculated are filtered by \"authored_date\" (time filter at the upper-right corner) and \"Gitlab repo\"(\"Choose Repo\" filter at the upper-left corner)",
      "fieldConfig": {
        "defaults": {
          "mappings": [],
          "thresholds": {
            "mode": "absolute",
            "steps": [
              {
                "color": "green",
                "value": null
              },
              {
                "color": "red",
                "value": 80
              }
            ]
          },
          "unit": "short"
        },
        "overrides": []
      },
      "gridPos": {
        "h": 6,
        "w": 6,
        "x": 0,
        "y": 54
      },
      "id": 42,
      "options": {
        "colorMode": "value",
        "graphMode": "area",
        "justifyMode": "center",
        "orientation": "auto",
        "reduceOptions": {
          "calcs": [
            "mean"
          ],
          "fields": "",
          "values": false
        },
        "text": {},
        "textMode": "auto"
      },
      "pluginVersion": "8.0.6",
      "targets": [
        {
          "format": "time_series",
          "group": [],
          "metricColumn": "none",
          "rawQuery": true,
          "rawSql": "SELECT\n  now() AS time,\n  sum(additions) as value\nFROM gitlab_commits gc\n  join gitlab_projects gp on gc.project_id = gp.gitlab_id \nWHERE\n  message not like '%Merge branch%'\n  and $__timeFilter(authored_date)\n  and gc.project_id = $repo_id\ngroup by 1\nORDER BY 1",
          "refId": "A",
          "select": [
            [
              {
                "params": [
                  "progress"
                ],
                "type": "column"
              }
            ]
          ],
          "table": "ca_analysis",
          "timeColumn": "create_time",
          "timeColumnType": "timestamp",
          "where": [
            {
              "name": "$__timeFilter",
              "params": [],
              "type": "macro"
            }
          ]
        }
      ],
      "timeFrom": null,
      "timeShift": null,
      "title": "Added LOC",
      "type": "stat"
    },
    {
      "datasource": "mysql",
      "description": "1. Sum of the number of deleted lines of code under all commits.\n2. The commits being calculated are filtered by \"authored_date\" (time filter at the upper-right corner) and \"Gitlab repo\"(\"Choose Repo\" filter at the upper-left corner)",
      "fieldConfig": {
        "defaults": {
          "mappings": [],
          "thresholds": {
            "mode": "absolute",
            "steps": [
              {
                "color": "green",
                "value": null
              },
              {
                "color": "red",
                "value": 80
              }
            ]
          },
          "unit": "short"
        },
        "overrides": []
      },
      "gridPos": {
        "h": 6,
        "w": 6,
        "x": 6,
        "y": 54
      },
      "id": 43,
      "options": {
        "colorMode": "value",
        "graphMode": "area",
        "justifyMode": "center",
        "orientation": "auto",
        "reduceOptions": {
          "calcs": [
            "mean"
          ],
          "fields": "",
          "values": false
        },
        "text": {},
        "textMode": "auto"
      },
      "pluginVersion": "8.0.6",
      "targets": [
        {
          "format": "time_series",
          "group": [],
          "metricColumn": "none",
          "rawQuery": true,
          "rawSql": "SELECT\n  now() AS time,\n  sum(deletions) as value\nFROM gitlab_commits gc\n  join gitlab_projects gp on gc.project_id = gp.gitlab_id \nWHERE\n  message not like '%Merge branch%'\n  and $__timeFilter(authored_date)\n  and gc.project_id = $repo_id\ngroup by 1\nORDER BY 1",
          "refId": "A",
          "select": [
            [
              {
                "params": [
                  "progress"
                ],
                "type": "column"
              }
            ]
          ],
          "table": "ca_analysis",
          "timeColumn": "create_time",
          "timeColumnType": "timestamp",
          "where": [
            {
              "name": "$__timeFilter",
              "params": [],
              "type": "macro"
            }
          ]
        }
      ],
      "timeFrom": null,
      "timeShift": null,
      "title": "Deleted LOC",
      "type": "stat"
    },
    {
      "datasource": "mysql",
      "description": "Added/deleted number of lines of code over time.",
      "fieldConfig": {
        "defaults": {
          "color": {
            "mode": "palette-classic"
          },
          "custom": {
            "axisLabel": "LOC",
            "axisPlacement": "auto",
            "barAlignment": 0,
            "drawStyle": "line",
            "fillOpacity": 0,
            "gradientMode": "none",
            "hideFrom": {
              "legend": false,
              "tooltip": false,
              "viz": false
            },
            "lineInterpolation": "linear",
            "lineWidth": 1,
            "pointSize": 5,
            "scaleDistribution": {
              "type": "linear"
            },
            "showPoints": "auto",
            "spanNulls": false,
            "stacking": {
              "group": "A",
              "mode": "none"
            },
            "thresholdsStyle": {
              "mode": "off"
            }
          },
          "mappings": [],
          "thresholds": {
            "mode": "absolute",
            "steps": [
              {
                "color": "green",
                "value": null
              },
              {
                "color": "red",
                "value": 80
              }
            ]
          },
          "unit": "short"
        },
        "overrides": []
      },
      "gridPos": {
        "h": 6,
        "w": 12,
        "x": 12,
        "y": 54
      },
      "id": 47,
      "options": {
        "legend": {
          "calcs": [],
          "displayMode": "list",
          "placement": "bottom"
        },
        "tooltip": {
          "mode": "single"
        }
      },
      "pluginVersion": "8.0.6",
      "targets": [
        {
          "format": "time_series",
          "group": [],
          "metricColumn": "none",
          "rawQuery": true,
          "rawSql": "with loc as(\n  SELECT\n    DATE_ADD(date(authored_date), INTERVAL -$interval(date(authored_date))+1 DAY) as time,\n    sum(additions) as added_LOC,\n    sum(deletions) as deleted_LOC\n  FROM gitlab_commits\n  WHERE\n    message not like '%Merge branch%'\n    and $__timeFilter(authored_date)\n    and project_id = $repo_id\n  group by 1\n)\n\nSELECT \n  timestamp(time) as time,\n  added_LOC as \"Added LOC\",\n  deleted_LOC as \"Deleted LOC\"\nFROM loc\nORDER BY 1",
          "refId": "A",
          "select": [
            [
              {
                "params": [
                  "progress"
                ],
                "type": "column"
              }
            ]
          ],
          "table": "ca_analysis",
          "timeColumn": "create_time",
          "timeColumnType": "timestamp",
          "where": [
            {
              "name": "$__timeFilter",
              "params": [],
              "type": "macro"
            }
          ]
        }
      ],
      "timeFrom": null,
      "timeShift": null,
      "title": "Added and Deleted LOC over Time",
      "type": "timeseries"
    },
    {
      "datasource": "mysql",
      "description": "The number of added/deleted LOC from different commit authors.",
      "fieldConfig": {
        "defaults": {
          "color": {
            "fixedColor": "orange",
            "mode": "palette-classic"
          },
          "custom": {
            "axisLabel": "LOC",
            "axisPlacement": "auto",
            "axisSoftMin": 0,
            "fillOpacity": 80,
            "gradientMode": "none",
            "hideFrom": {
              "legend": false,
              "tooltip": false,
              "viz": false
            },
            "lineWidth": 1
          },
          "mappings": [],
          "thresholds": {
            "mode": "absolute",
            "steps": [
              {
                "color": "green",
                "value": null
              }
            ]
          },
          "unit": "short"
        },
        "overrides": []
      },
      "gridPos": {
        "h": 6,
        "w": 24,
        "x": 0,
        "y": 60
      },
      "id": 49,
      "options": {
        "barWidth": 0.9,
        "groupWidth": 0.6,
        "legend": {
          "calcs": [],
          "displayMode": "list",
          "placement": "bottom"
        },
        "orientation": "auto",
        "showValue": "auto",
        "text": {},
        "tooltip": {
          "mode": "multi"
        }
      },
      "pluginVersion": "8.0.6",
      "targets": [
        {
          "format": "table",
          "group": [],
          "metricColumn": "none",
          "rawQuery": true,
          "rawSql": "SELECT\n  now() as time,\n  sum(additions) as \"Added LOC\",\n  sum(deletions) as \"Removed LOC\",\n  gc.author_name\nFROM gitlab_commits gc \n  join gitlab_projects gp on gc.project_id = gp.gitlab_id\nWHERE\n  author_name is not null\n  and message not like '%Merge branch%'\n  and $__timeFilter(authored_date)\n  and gc.project_id = $repo_id\ngroup by 1,4\norder by 2 desc\nlimit 20",
          "refId": "A",
          "select": [
            [
              {
                "params": [
                  "progress"
                ],
                "type": "column"
              }
            ]
          ],
          "table": "ca_analysis",
          "timeColumn": "create_time",
          "timeColumnType": "timestamp",
          "where": [
            {
              "name": "$__timeFilter",
              "params": [],
              "type": "macro"
            }
          ]
        }
      ],
      "timeFrom": null,
      "timeShift": null,
      "title": "Added and Deleted LOC by Author",
      "type": "barchart"
    },
    {
      "datasource": null,
      "gridPos": {
        "h": 4,
        "w": 24,
        "x": 0,
        "y": 66
      },
      "id": 97,
      "options": {
        "content": "<div style=\"display: block;text-align: center;margin-top: 56px;\">\n  <div style=\"display: inline-flex;\">\n    <img src=\"/public/img/lake/4.png\" alt=\"No.4\" width=\"56\">\n    <p style=\"font-size:24px; margin:10px; color:#BFC1C8;\"><b>Development Cost Metrics<b></b></b></p><b><b>\n  </div>\n</div>",
        "mode": "html"
      },
      "pluginVersion": "8.0.6",
      "targets": [
        {
          "queryType": "randomWalk",
          "refId": "A"
        }
      ],
      "transparent": true,
      "type": "text"
    },
    {
      "datasource": "mysql",
      "description": "1. Number of people who have created or reviewed a Pull/Merge Request.\n2. The PR/MR being calculated are filtered by \"PR/MR creation time\" (time filter at the upper-right corner).",
      "fieldConfig": {
        "defaults": {
          "mappings": [],
          "thresholds": {
            "mode": "absolute",
            "steps": [
              {
                "color": "green",
                "value": null
              },
              {
                "color": "red",
                "value": 80
              }
            ]
          },
          "unit": "short"
        },
        "overrides": []
      },
      "gridPos": {
        "h": 6,
        "w": 24,
        "x": 0,
        "y": 70
      },
      "id": 90,
      "options": {
        "colorMode": "value",
        "graphMode": "area",
        "justifyMode": "auto",
        "orientation": "auto",
        "reduceOptions": {
          "calcs": [
            "mean"
          ],
          "fields": "",
          "values": false
        },
        "text": {},
        "textMode": "auto"
      },
      "pluginVersion": "8.0.6",
      "targets": [
        {
          "format": "time_series",
          "group": [],
          "metricColumn": "none",
          "rawQuery": true,
          "rawSql": "with all_developers as(\n  select \n    gitlab_reviewers.name as user_name\n  from gitlab_merge_requests\n  join gitlab_reviewers on gitlab_reviewers.merge_request_id = gitlab_merge_requests.gitlab_id\n\n  WHERE\n    $__timeFilter(gitlab_merge_requests.gitlab_created_at)\n    and gitlab_merge_requests.project_id = $repo_id\n  union\n  select \n    distinct author_username as user_name \n  from gitlab_merge_requests\n  WHERE\n    $__timeFilter(gitlab_merge_requests.gitlab_created_at)\n    and gitlab_merge_requests.project_id = $repo_id\n  union\n  select \n    distinct author_name as user_name \n  from gitlab_commits\n  WHERE\n    $__timeFilter(authored_date)\n    and gitlab_commits.project_id = $repo_id\n)\n\n\nSELECT\n  now() AS \"time\",\n  count(distinct user_name) as developer_count\nFROM all_developers",
          "refId": "A",
          "select": [
            [
              {
                "params": [
                  "progress"
                ],
                "type": "column"
              }
            ]
          ],
          "table": "ca_analysis",
          "timeColumn": "create_time",
          "timeColumnType": "timestamp",
          "where": [
            {
              "name": "$__timeFilter",
              "params": [],
              "type": "macro"
            }
          ]
        }
      ],
      "timeFrom": null,
      "timeShift": null,
      "title": "Total Developer Count",
      "type": "stat"
    },
    {
      "datasource": "mysql",
      "description": "1. Total number of Commit Authors.\n2. The commits being calculated are filtered by \"authored_date\" (time filter at the upper-right corner).",
      "fieldConfig": {
        "defaults": {
          "mappings": [],
          "thresholds": {
            "mode": "absolute",
            "steps": [
              {
                "color": "green",
                "value": null
              }
            ]
          }
        },
        "overrides": []
      },
      "gridPos": {
        "h": 6,
        "w": 8,
        "x": 0,
        "y": 76
      },
      "id": 92,
      "options": {
        "colorMode": "value",
        "graphMode": "area",
        "justifyMode": "auto",
        "orientation": "auto",
        "reduceOptions": {
          "calcs": [
            "mean"
          ],
          "fields": "",
          "values": false
        },
        "text": {},
        "textMode": "auto"
      },
      "pluginVersion": "8.0.6",
      "targets": [
        {
          "format": "time_series",
          "group": [],
          "metricColumn": "none",
          "rawQuery": true,
          "rawSql": "SELECT\n  now() AS time,\n  count(distinct author_name) as value\nFROM gitlab_commits\nWHERE\n  $__timeFilter(authored_date)\n  and project_id = $repo_id\ngroup by 1\nORDER BY 1",
          "refId": "A",
          "select": [
            [
              {
                "params": [
                  "progress"
                ],
                "type": "column"
              }
            ]
          ],
          "table": "ca_analysis",
          "timeColumn": "create_time",
          "timeColumnType": "timestamp",
          "where": [
            {
              "name": "$__timeFilter",
              "params": [],
              "type": "macro"
            }
          ]
        }
      ],
      "timeFrom": null,
      "timeShift": null,
      "title": "Commit Author Count",
      "type": "stat"
    },
    {
      "datasource": "mysql",
      "description": "1. Number of Pull/Merge Request Reviewers.\n2. The PR/MR being calculated are filtered by \"PR/MR creation time\" (time filter at the upper-right corner).",
      "fieldConfig": {
        "defaults": {
          "mappings": [],
          "thresholds": {
            "mode": "absolute",
            "steps": [
              {
                "color": "green",
                "value": null
              }
            ]
          }
        },
        "overrides": []
      },
      "gridPos": {
        "h": 6,
        "w": 8,
        "x": 8,
        "y": 76
      },
      "id": 94,
      "options": {
        "colorMode": "value",
        "graphMode": "area",
        "justifyMode": "auto",
        "orientation": "auto",
        "reduceOptions": {
          "calcs": [
            "mean"
          ],
          "fields": "",
          "values": false
        },
        "text": {},
        "textMode": "auto"
      },
      "pluginVersion": "8.0.6",
      "targets": [
        {
          "format": "time_series",
          "group": [],
          "metricColumn": "none",
          "rawQuery": true,
          "rawSql": "select \n  now() as time,\n  count(distinct name)\nfrom\n  gitlab_reviewers",
          "refId": "A",
          "select": [
            [
              {
                "params": [
                  "progress"
                ],
                "type": "column"
              }
            ]
          ],
          "table": "ca_analysis",
          "timeColumn": "create_time",
          "timeColumnType": "timestamp",
          "where": [
            {
              "name": "$__timeFilter",
              "params": [],
              "type": "macro"
            }
          ]
        }
      ],
      "timeFrom": null,
      "timeShift": null,
      "title": "Pull Request Reviewer Count",
      "type": "stat"
    },
    {
      "datasource": "mysql",
      "description": "Pull Request Reviewer Count/Total Developer Count",
      "fieldConfig": {
        "defaults": {
          "mappings": [],
          "thresholds": {
            "mode": "absolute",
            "steps": [
              {
                "color": "red",
                "value": null
              },
              {
                "color": "green",
                "value": 0.2
              }
            ]
          },
          "unit": "percentunit"
        },
        "overrides": []
      },
      "gridPos": {
        "h": 6,
        "w": 8,
        "x": 16,
        "y": 76
      },
      "id": 96,
      "options": {
        "colorMode": "value",
        "graphMode": "area",
        "justifyMode": "auto",
        "orientation": "auto",
        "reduceOptions": {
          "calcs": [
            "mean"
          ],
          "fields": "",
          "values": false
        },
        "text": {},
        "textMode": "auto"
      },
      "pluginVersion": "8.0.6",
      "targets": [
        {
          "format": "time_series",
          "group": [],
          "metricColumn": "none",
          "rawQuery": true,
          "rawSql": "with all_user_names as(\n  select \n    distinct gitlab_reviewers.name as user_name\n  from gitlab_reviewers\n  join gitlab_merge_requests on gitlab_reviewers.merge_request_id = gitlab_merge_requests.gitlab_id\n  WHERE\n    $__timeFilter(gitlab_merge_requests.gitlab_created_at)\n    and gitlab_reviewers.project_id = $repo_id\n  union\n  select \n    distinct author_username as user_name \n  from gitlab_merge_requests\n  WHERE\n    $__timeFilter(gitlab_created_at)\n    and project_id = $repo_id\n  union\n  select \n    distinct author_name as user_name \n  from gitlab_commits\n  WHERE\n   $__timeFilter(authored_date)\n    and project_id = $repo_id\n),\n\nreviewer as (\n  select distinct gitlab_reviewers.name from gitlab_reviewers\n  join gitlab_merge_requests on gitlab_reviewers.merge_request_id = gitlab_merge_requests.gitlab_id\nWHERE\n    $__timeFilter(gitlab_merge_requests.gitlab_created_at)\n    and gitlab_reviewers.project_id = $repo_id\n)\n\nSELECT\n  now() AS \"time\",\n  1.0*count(distinct reviewer.name)/count(distinct user_name) as value\nFROM reviewer, all_user_names",
          "refId": "A",
          "select": [
            [
              {
                "params": [
                  "progress"
                ],
                "type": "column"
              }
            ]
          ],
          "table": "ca_analysis",
          "timeColumn": "create_time",
          "timeColumnType": "timestamp",
          "where": [
            {
              "name": "$__timeFilter",
              "params": [],
              "type": "macro"
            }
          ]
        }
      ],
      "timeFrom": null,
      "timeShift": null,
      "title": "Pull Request Reviewer Rate (%)",
      "type": "stat"
    }
  ],
  "refresh": "",
  "schemaVersion": 30,
  "style": "dark",
  "tags": [
    "Gitlab",
    "Data Source Specific Dashboard"
  ],
  "templating": {
    "list": [
      {
        "allValue": null,
        "current": {
          "selected": false,
          "text": "Month",
          "value": "DAY"
        },
        "description": null,
        "error": null,
        "hide": 0,
        "includeAll": false,
        "label": "Time Interval",
        "multi": false,
        "name": "interval",
        "options": [
          {
            "selected": false,
            "text": "Week",
            "value": "DAYOFWEEK"
          },
          {
            "selected": true,
            "text": "Month",
            "value": "DAY"
          }
        ],
        "query": "Week : DAYOFWEEK, Month : DAY",
        "queryValue": "",
        "skipUrlSync": false,
        "type": "custom"
      },
      {
        "allValue": null,
        "current": {
          "selected": false,
          "text": "All",
          "value": "$__all"
        },
        "datasource": "mysql",
        "definition": "select distinct concat(name, ': ', gitlab_id) from gitlab_projects",
        "description": null,
        "error": null,
        "hide": 0,
        "includeAll": true,
        "label": "Choose Repo",
        "multi": false,
        "name": "repo_id",
        "options": [],
        "query": "select distinct concat(name, ': ', gitlab_id) from gitlab_projects",
        "refresh": 1,
        "regex": "/^(?<text>[^:]+): (?<value>\\d+)$/",
        "skipUrlSync": false,
        "sort": 0,
        "type": "query"
      }
    ]
  },
  "time": {
    "from": "now-6M",
    "to": "now"
  },
  "timepicker": {},
  "timezone": "",
  "title": "Gitlab",
  "uid": "6YcsxLN7z",
  "version": 2
}