{
  "annotations": {
    "list": [
      {
        "builtIn": 1,
        "datasource": "-- Grafana --",
        "enable": true,
        "hide": true,
        "iconColor": "rgba(0, 211, 255, 1)",
        "name": "Annotations & Alerts",
        "type": "dashboard"
      }
    ]
  },
  "editable": true,
  "gnetId": null,
  "graphTooltip": 0,
  "id": 5,
  "iteration": 1637051361097,
  "links": [
    {
      "asDropdown": false,
      "icon": "bolt",
      "includeVars": false,
      "keepTime": true,
      "tags": [],
      "targetBlank": false,
      "title": "Homepage",
      "tooltip": "",
      "type": "link",
      "url": "/d/Lv1XbLHnk/data-specific-dashboards-homepage"
    },
    {
      "asDropdown": false,
      "icon": "external link",
      "includeVars": false,
      "keepTime": true,
      "tags": [
        "Data Source Specific Dashboard"
      ],
      "targetBlank": false,
      "title": "metric dashboards",
      "tooltip": "",
      "type": "dashboards",
      "url": ""
    }
  ],
  "panels": [
    {
      "datasource": "mysql",
      "description": "1. Number of builds executed.\n2. The builds being calculated are filtered by \"build starting time\" (time filter at the upper-right corner) and \"Jira board\" (\"Choose Board\" filter at the upper-left corner)",
      "fieldConfig": {
        "defaults": {
          "mappings": [],
          "thresholds": {
            "mode": "absolute",
            "steps": [
              {
                "color": "green",
                "value": null
              }
            ]
          }
        },
        "overrides": []
      },
      "gridPos": {
        "h": 6,
        "w": 8,
        "x": 0,
        "y": 0
      },
      "id": 4,
      "options": {
        "colorMode": "value",
        "graphMode": "area",
        "justifyMode": "auto",
        "orientation": "auto",
        "reduceOptions": {
          "calcs": [
            "mean"
          ],
          "fields": "",
          "values": false
        },
        "text": {},
        "textMode": "auto"
      },
      "pluginVersion": "8.0.6",
      "targets": [
        {
          "format": "time_series",
          "group": [],
          "metricColumn": "none",
          "rawQuery": true,
          "rawSql": "SELECT\n  now() AS time,\n  count(*)\nFROM jenkins_builds\nWHERE\n  $__timeFilter(start_time)\nORDER BY 1",
          "refId": "A",
          "select": [
            [
              {
                "params": [
                  "project_id"
                ],
                "type": "column"
              }
            ]
          ],
          "table": "gitlab_commits",
          "timeColumn": "created_at",
          "timeColumnType": "timestamp",
          "where": [
            {
              "name": "$__timeFilter",
              "params": [],
              "type": "macro"
            }
          ]
        }
      ],
      "timeFrom": null,
      "timeShift": null,
      "title": "Build Count",
      "type": "stat"
    },
    {
      "cacheTimeout": null,
      "datasource": "mysql",
      "description": "The percentage of successful, failed, and aborted builds.",
      "fieldConfig": {
        "defaults": {
          "color": {
            "mode": "palette-classic"
          },
          "custom": {
            "hideFrom": {
              "legend": false,
              "tooltip": false,
              "viz": false
            }
          },
          "decimals": 0,
          "mappings": [],
          "unit": "none"
        },
        "overrides": []
      },
      "gridPos": {
        "h": 6,
        "w": 16,
        "x": 8,
        "y": 0
      },
      "id": 37,
      "interval": null,
      "links": [],
      "options": {
        "displayLabels": [
          "percent"
        ],
        "legend": {
          "calcs": [],
          "displayMode": "table",
          "placement": "right",
          "values": [
            "percent",
            "value"
          ]
        },
        "pieType": "pie",
        "reduceOptions": {
          "calcs": [
            "sum"
          ],
          "fields": "",
          "values": true
        },
        "tooltip": {
          "mode": "single"
        }
      },
      "pluginVersion": "8.0.6",
      "targets": [
        {
          "format": "table",
          "group": [],
          "metricColumn": "none",
          "rawQuery": true,
          "rawSql": "SELECT\n  now() AS time,\n  result as metric,\n  count(*) as value\nFROM jenkins_builds\nWHERE\n  $__timeFilter(start_time)\nGROUP BY 1,2\nORDER BY 1",
          "refId": "A",
          "select": [
            [
              {
                "params": [
                  "project_id"
                ],
                "type": "column"
              }
            ]
          ],
          "table": "gitlab_commits",
          "timeColumn": "created_at",
          "timeColumnType": "timestamp",
          "where": [
            {
              "name": "$__timeFilter",
              "params": [],
              "type": "macro"
            }
          ]
        }
      ],
      "timeFrom": null,
      "timeShift": null,
      "title": "Build Result Distribution",
      "type": "piechart"
    },
    {
      "datasource": "mysql",
      "description": "Number of successful builds / Number of total builds",
      "fieldConfig": {
        "defaults": {
          "mappings": [],
          "max": 100,
          "min": 0,
          "thresholds": {
            "mode": "absolute",
            "steps": [
              {
                "color": "green",
                "value": null
              }
            ]
          },
          "unit": "percentunit"
        },
        "overrides": []
      },
      "gridPos": {
        "h": 6,
        "w": 8,
        "x": 0,
        "y": 6
      },
      "id": 6,
      "options": {
        "colorMode": "value",
        "graphMode": "area",
        "justifyMode": "auto",
        "orientation": "auto",
        "reduceOptions": {
          "calcs": [
            "lastNotNull"
          ],
          "fields": "",
          "values": false
        },
        "text": {},
        "textMode": "auto"
      },
      "pluginVersion": "8.0.6",
      "targets": [
        {
          "format": "time_series",
          "group": [],
          "metricColumn": "none",
          "rawQuery": true,
          "rawSql": "SELECT\n  now() AS time,\n  1.0 * count(case when result = 'SUCCESS' then 1 else null end)/count(*)\nFROM jenkins_builds\nWHERE\n  $__timeFilter(start_time)\nORDER BY 1",
          "refId": "A",
          "select": [
            [
              {
                "params": [
                  "project_id"
                ],
                "type": "column"
              }
            ]
          ],
          "table": "gitlab_commits",
          "timeColumn": "created_at",
          "timeColumnType": "timestamp",
          "where": [
            {
              "name": "$__timeFilter",
              "params": [],
              "type": "macro"
            }
          ]
        }
      ],
      "timeFrom": null,
      "timeShift": null,
      "title": "Build Success Rate",
      "type": "stat"
    },
    {
      "aliasColors": {},
      "bars": false,
      "dashLength": 10,
      "dashes": false,
      "datasource": "mysql",
      "description": "1. Build success rate over time.\n2. The builds being calculated are filtered by \"build starting time\" (time filter at the upper-right corner) and \"Jira board\" (\"Choose Board\" filter at the upper-left corner)",
      "fieldConfig": {
        "defaults": {
          "unit": "percentunit"
        },
        "overrides": []
      },
      "fill": 1,
      "fillGradient": 0,
      "gridPos": {
        "h": 6,
        "w": 16,
        "x": 8,
        "y": 6
      },
      "hiddenSeries": false,
      "id": 50,
      "interval": "",
      "legend": {
        "avg": false,
        "current": false,
        "max": false,
        "min": false,
        "show": true,
        "total": false,
        "values": false
      },
      "lines": true,
      "linewidth": 1,
      "nullPointMode": "null",
      "options": {
        "alertThreshold": true
      },
      "percentage": false,
      "pluginVersion": "8.0.6",
      "pointradius": 2,
      "points": false,
      "renderer": "flot",
      "seriesOverrides": [],
      "spaceLength": 10,
      "stack": false,
      "steppedLine": false,
      "targets": [
        {
          "format": "time_series",
          "group": [],
          "metricColumn": "none",
          "rawQuery": true,
          "rawSql": "with _build_success_rate as(\r\n  SELECT\r\n    DATE_ADD(date(start_time), INTERVAL -$interval(date(start_time))+1 DAY) as time,\r\n    result\r\n  FROM\r\n    jenkins_builds\r\n  WHERE\r\n    $__timeFilter(start_time)\r\n)\r\n\r\nSELECT \r\n  timestamp(time) as time,\r\n  1.0 * sum(case when result = 'SUCCESS' then 1 else 0 end)/ count(*) as \"Build Success Rate\"\r\nFROM _build_success_rate\r\ngroup by 1\r\norder by 1",
          "refId": "A",
          "select": [
            [
              {
                "params": [
                  "progress"
                ],
                "type": "column"
              }
            ]
          ],
          "table": "ca_analysis",
          "timeColumn": "create_time",
          "timeColumnType": "timestamp",
          "where": [
            {
              "name": "$__timeFilter",
              "params": [],
              "type": "macro"
            }
          ]
        }
      ],
      "thresholds": [],
      "timeFrom": null,
      "timeRegions": [],
      "timeShift": null,
      "title": "Build Success Rate over Time",
      "tooltip": {
        "shared": true,
        "sort": 0,
        "value_type": "individual"
      },
      "type": "graph",
      "xaxis": {
        "buckets": null,
        "mode": "time",
        "name": null,
        "show": true,
        "values": []
      },
      "yaxes": [
        {
          "$$hashKey": "object:262",
          "decimals": null,
          "format": "percentunit",
          "label": null,
          "logBase": 1,
          "max": null,
          "min": null,
          "show": true
        },
        {
          "$$hashKey": "object:263",
          "format": "short",
          "label": null,
          "logBase": 1,
          "max": null,
          "min": null,
          "show": true
        }
      ],
      "yaxis": {
        "align": false,
        "alignLevel": null
      }
    }
  ],
  "refresh": "",
  "schemaVersion": 30,
  "style": "dark",
  "tags": [
    "Jenkins",
    "Data Source Specific Dashboard"
  ],
  "templating": {
    "list": [
      {
        "allValue": null,
        "current": {
          "selected": true,
          "text": "Month",
          "value": "DAY"
        },
        "description": null,
        "error": null,
        "hide": 0,
        "includeAll": false,
        "label": "Time Interval",
        "multi": false,
        "name": "interval",
        "options": [
          {
            "selected": false,
            "text": "Week",
            "value": "DAYOFWEEK"
          },
          {
            "selected": true,
            "text": "Month",
            "value": "DAY"
          }
        ],
        "query": "Week : DAYOFWEEK, Month : DAY",
        "queryValue": "",
        "skipUrlSync": false,
        "type": "custom"
      }
    ]
  },
  "time": {
    "from": "now-6M",
    "to": "now"
  },
  "timepicker": {},
  "timezone": "",
  "title": "Jenkins",
  "uid": "zDsUxYHnz",
  "version": 13894
}