{
  "annotations": {
    "list": [
      {
        "builtIn": 1,
        "datasource": "-- Grafana --",
        "enable": true,
        "hide": true,
        "iconColor": "rgba(0, 211, 255, 1)",
        "name": "Annotations & Alerts",
        "type": "dashboard"
      }
    ]
  },
  "editable": true,
  "gnetId": null,
  "graphTooltip": 0,
  "id": 4,
  "links": [],
  "panels": [
    {
      "cacheTimeout": null,
      "datasource": null,
      "gridPos": {
        "h": 9,
        "w": 7,
        "x": 0,
        "y": 0
      },
      "id": 10,
      "interval": null,
      "links": [],
      "options": {
        "content": "<a href=\"/d/ZfaFQeM7k/delivery-velocity-require-jira-and-gitlab-data?orgId=1\">\n    <div style=\"vertical-align:center;text-align:center;margin:15px;padding-top:60px;\">\n        <img border=\"0\" src=\"/public/img/lake/delivery_velocity.png\" alt=\"velocity\" width=\"120\">\n        <p style=\"text-align:center;font-size:20px;margin:20px; color:#BFC1C8\"><b>Delivery Velocity<b></p>\n    </div>\n</a>",
        "mode": "html"
      },
      "pluginVersion": "8.0.6",
      "targets": [
        {
          "format": "time_series",
          "group": [],
          "metricColumn": "none",
          "rawQuery": false,
          "rawSql": "SELECT\n  create_time AS \"time\",\n  progress\nFROM ca_analysis\nWHERE\n  $__timeFilter(create_time)\nORDER BY 1",
          "refId": "A",
          "select": [
            [
              {
                "params": [
                  "progress"
                ],
                "type": "column"
              }
            ]
          ],
          "table": "ca_analysis",
          "timeColumn": "create_time",
          "timeColumnType": "timestamp",
          "where": [
            {
              "name": "$__timeFilter",
              "params": [],
              "type": "macro"
            }
          ]
        }
      ],
      "timeFrom": null,
      "timeShift": null,
      "type": "text"
    },
    {
      "cacheTimeout": null,
      "datasource": null,
      "gridPos": {
        "h": 9,
        "w": 7,
        "x": 7,
        "y": 0
      },
      "id": 5,
      "interval": null,
      "links": [],
      "options": {
        "content": "<a href=\"/d/nUC-7tGnk/delivery-quality-require-jira-and-gitlab-data?orgId=1\">\n    <div style=\"vertical-align:center;text-align:center;margin:15px;padding-top:60px;\">\n        <img border=\"0\" src=\"/public/img/lake/delivery_quality.png\" alt=\"quality\" width=\"120\">\n        <p style=\"text-align:center;font-size:20px;margin:20px;color:#BFC1C8\"><b>Delivery Quality<b></p>\n    </div>\n</a>",
        "mode": "html"
      },
      "pluginVersion": "8.0.6",
      "targets": [
        {
          "format": "time_series",
          "group": [],
          "metricColumn": "none",
          "rawQuery": false,
          "rawSql": "SELECT\n  create_time AS \"time\",\n  progress\nFROM ca_analysis\nWHERE\n  $__timeFilter(create_time)\nORDER BY 1",
          "refId": "A",
          "select": [
            [
              {
                "params": [
                  "progress"
                ],
                "type": "column"
              }
            ]
          ],
          "table": "ca_analysis",
          "timeColumn": "create_time",
          "timeColumnType": "timestamp",
          "where": [
            {
              "name": "$__timeFilter",
              "params": [],
              "type": "macro"
            }
          ]
        }
      ],
      "timeFrom": null,
      "timeShift": null,
      "type": "text"
    },
    {
      "datasource": null,
      "gridPos": {
        "h": 18,
        "w": 10,
        "x": 14,
        "y": 0
      },
      "id": 9,
      "links": [],
      "options": {
        "content": "![Merico Logo](/public/img/lake/logo.png \"Merico\")\n***\n# **MARI Introduction**\n***\nMARI is a methodology developed specifically to bring the process of data driven software  engineering to organizations of all sizes in a simple and organized way; empowering them to translate measurement into insight, and insight into results. MARI is a cycle of iterations, focused on mapping challenges to metrics, metrics to actions, and actions to improvements. \n<br><br>\n\n\n#### *M (Measure)*\n    \nGreat answers require great questions. To get started, identify specific and clearly definable pain points in your development processes or teams, set tightly constrained goals, and then with team consensus, prioritize those goals. From here, identify 'North Star' metrics and measurements that map to each goal. Once you have clearly defined and documented the pain-points, mapped them to metrics, and prioritized, it's time to standardize these metrics and methods across teams. \n\n##### *A (Analyze)*\n\nEffective measures are only as good as the analysis that gets applied to them. To understand productivity in an effective and quantitative way, look towards key attributes like trend, distribution, variability, dispersion, and periodicity. These analysis techniques can uncover problems and opportunities. \n\n##### *R (Review)*\n\nOnce you have equipped yourself with the results of the analysis, it's time to coherently review them and discover what hinders your team from reaching full potential. With key stakeholders in the conversation, assess your workflow, toolset, developer satisfaction and many other aspects with an eye towards identifying cause and effect. It is critical that this part of the process is focused on the real root causes, not blame. Review should involve those affected, and those with the responsibility. \n\n##### *I (Improve)*\n\nAfter review, it's time to prepare a defined and clear iteration. What actions can be taken to potentially address the areas of opportunity? These actions should be clear, defined, measurable, and focused enough that success or failure can be clearly identified and attributed. In larger organizations, consider A/B testing the action plan between a few teams, and be sure to test and assess action plans at smaller scale before implementing enterprise-wide. \n    \nAs you implement action plans for improvement, refresh your MARI cycle to coherently drive progress and evolution.\n\n",
        "mode": "markdown"
      },
      "pluginVersion": "8.0.6",
      "targets": [
        {
          "format": "time_series",
          "group": [],
          "metricColumn": "none",
          "rawQuery": false,
          "rawSql": "SELECT\n  create_time AS \"time\",\n  progress\nFROM ca_analysis\nWHERE\n  $__timeFilter(create_time)\nORDER BY 1",
          "refId": "A",
          "select": [
            [
              {
                "params": [
                  "progress"
                ],
                "type": "column"
              }
            ]
          ],
          "table": "ca_analysis",
          "timeColumn": "create_time",
          "timeColumnType": "timestamp",
          "where": [
            {
              "name": "$__timeFilter",
              "params": [],
              "type": "macro"
            }
          ]
        }
      ],
      "timeFrom": null,
      "timeShift": null,
      "type": "text"
    },
    {
      "cacheTimeout": null,
      "datasource": null,
      "gridPos": {
        "h": 9,
        "w": 7,
        "x": 0,
        "y": 9
      },
      "id": 7,
      "interval": null,
      "links": [],
      "options": {
        "content": "<a href=\"/d/TV-BnpM7k/delivery-cost-require-gitlab-data?orgId=1\"> \n    <div style=\"vertical-align:center;text-align:center;margin:15px;padding-top:60px;\">\n        <img border=\"0\" src=\"/public/img/lake/delivery_cost.png\" alt=\"cost\" width=\"120\">\n        <p style=\"text-align:center;font-size:20px;margin:20px;color:#BFC1C8\"><b>Delivery Cost<b></p>\n    </div>\n</a>",
        "mode": "html"
      },
      "pluginVersion": "8.0.6",
      "targets": [
        {
          "format": "time_series",
          "group": [],
          "metricColumn": "none",
          "rawQuery": false,
          "rawSql": "SELECT\n  create_time AS \"time\",\n  progress\nFROM ca_analysis\nWHERE\n  $__timeFilter(create_time)\nORDER BY 1",
          "refId": "A",
          "select": [
            [
              {
                "params": [
                  "progress"
                ],
                "type": "column"
              }
            ]
          ],
          "table": "ca_analysis",
          "timeColumn": "create_time",
          "timeColumnType": "timestamp",
          "where": [
            {
              "name": "$__timeFilter",
              "params": [],
              "type": "macro"
            }
          ]
        }
      ],
      "timeFrom": null,
      "timeShift": null,
      "type": "text"
    },
    {
      "cacheTimeout": null,
      "datasource": null,
      "gridPos": {
        "h": 9,
        "w": 7,
        "x": 7,
        "y": 9
      },
      "id": 13,
      "interval": null,
      "links": [],
      "options": {
        "content": "<a href=\"/d/3Lv1ImSnk/delivery-capability-require-jenkins-data?orgId=1\"> \n    <div style=\"vertical-align:center;text-align:center;margin:15px;padding-top:60px;\">\n        <img border=\"0\" src=\"/public/img/lake/delivery_capability.png\" alt=\"capability\" width=\"120\">\n        <p style=\"text-align:center;font-size:20px;margin:20px;color:#BFC1C8\"><b>Delivery Capability<b></p>\n    </div>\n</a>",
        "mode": "html"
      },
      "pluginVersion": "8.0.6",
      "targets": [
        {
          "format": "time_series",
          "group": [],
          "metricColumn": "none",
          "rawQuery": false,
          "rawSql": "SELECT\n  create_time AS \"time\",\n  progress\nFROM ca_analysis\nWHERE\n  $__timeFilter(create_time)\nORDER BY 1",
          "refId": "A",
          "select": [
            [
              {
                "params": [
                  "progress"
                ],
                "type": "column"
              }
            ]
          ],
          "table": "ca_analysis",
          "timeColumn": "create_time",
          "timeColumnType": "timestamp",
          "where": [
            {
              "name": "$__timeFilter",
              "params": [],
              "type": "macro"
            }
          ]
        }
      ],
      "timeFrom": null,
      "timeShift": null,
      "type": "text"
    },
    {
      "cacheTimeout": null,
      "datasource": null,
      "description": "",
      "gridPos": {
        "h": 9,
        "w": 7,
        "x": 0,
        "y": 18
      },
      "id": 12,
      "interval": null,
      "links": [],
      "options": {
        "content": "<a href=\"/dashboard/new?orgId=1\">\n    <div style=\"vertical-align:center;text-align:center;margin:15px;padding-top:60px;\">\n        <img border=\"0\" src=\"/public/img/lake/more.png\" alt=\"requirement\" width=\"120\">\n        <p style=\"text-align:center;font-size:20px;margin:20px;color:#BFC1C8\">New Dashboard</p>\n    </div>\n</a>",
        "mode": "html"
      },
      "pluginVersion": "8.0.6",
      "targets": [
        {
          "format": "time_series",
          "group": [],
          "metricColumn": "none",
          "rawQuery": false,
          "rawSql": "SELECT\n  create_time AS \"time\",\n  progress\nFROM ca_analysis\nWHERE\n  $__timeFilter(create_time)\nORDER BY 1",
          "refId": "A",
          "select": [
            [
              {
                "params": [
                  "progress"
                ],
                "type": "column"
              }
            ]
          ],
          "table": "ca_analysis",
          "timeColumn": "create_time",
          "timeColumnType": "timestamp",
          "where": [
            {
              "name": "$__timeFilter",
              "params": [],
              "type": "macro"
            }
          ]
        }
      ],
      "timeFrom": null,
      "timeShift": null,
      "transparent": true,
      "type": "text"
    }
  ],
  "refresh": "",
  "schemaVersion": 30,
  "style": "dark",
  "tags": [],
  "templating": {
    "list": []
  },
  "time": {
    "from": "now-6M",
    "to": "now"
  },
  "timepicker": {},
  "timezone": "",
  "title": "User Value Specific Dashboards-Homepage",
  "uid": "RXJZNpMnz",
  "version": 14
}