{
  "annotations": {
    "list": [
      {
        "builtIn": 1,
        "datasource": "-- Grafana --",
        "enable": true,
        "hide": true,
        "iconColor": "rgba(0, 211, 255, 1)",
        "name": "Annotations & Alerts",
        "type": "dashboard"
      }
    ]
  },
  "editable": true,
  "gnetId": null,
  "graphTooltip": 0,
  "id": 61,
  "links": [],
  "panels": [
    {
      "cacheTimeout": null,
      "datasource": null,
      "gridPos": {
        "h": 8,
        "w": 8,
        "x": 0,
        "y": 0
      },
      "id": 2,
      "interval": null,
      "links": [],
      "options": {
        "content": "<a href=\"/d/SupYz7c7z/demo-how-fast-do-we-respond-to-customer-requirements?orgId=1\">\n    <div style=\"vertical-align:center;text-align:center;margin:15px;padding-top:60px;\">\n        <img border=\"0\" src=\"/public/img/lake/customer.png\" alt=\"customer\" width=\"50\">\n        <p style=\"text-align:center;font-size:18px;margin:20px; color:#BFC1C8\"><b>How fast do we respond to customer requirements?<b></p>\n    </div>\n</a>",
        "mode": "html"
      },
      "pluginVersion": "8.0.6",
      "targets": [
        {
          "format": "time_series",
          "group": [],
          "metricColumn": "none",
          "rawQuery": false,
          "rawSql": "SELECT\n  create_time AS \"time\",\n  progress\nFROM ca_analysis\nWHERE\n  $__timeFilter(create_time)\nORDER BY 1",
          "refId": "A",
          "select": [
            [
              {
                "params": [
                  "progress"
                ],
                "type": "column"
              }
            ]
          ],
          "table": "ca_analysis",
          "timeColumn": "create_time",
          "timeColumnType": "timestamp",
          "where": [
            {
              "name": "$__timeFilter",
              "params": [],
              "type": "macro"
            }
          ]
        }
      ],
      "timeFrom": null,
      "timeShift": null,
      "type": "text"
    },
    {
      "cacheTimeout": null,
      "datasource": null,
      "gridPos": {
        "h": 8,
        "w": 8,
        "x": 8,
        "y": 0
      },
      "id": 3,
      "interval": null,
      "links": [],
      "options": {
        "content": "<a href=\"/d/G4DEk75nz/demo-was-our-quality-improved-or-not?orgId=1\">\n    <div style=\"vertical-align:center;text-align:center;margin:15px;padding-top:60px;\">\n        <img border=\"0\" src=\"/public/img/lake/demo_quality.png\" alt=\"quality\" width=\"50\">\n        <p style=\"text-align:center;font-size:18px;margin:20px; color:#BFC1C8\"><b>Was our quality improved or not?<b></p>\n    </div>\n</a>",
        "mode": "html"
      },
      "pluginVersion": "8.0.6",
      "targets": [
        {
          "format": "time_series",
          "group": [],
          "metricColumn": "none",
          "rawQuery": false,
          "rawSql": "SELECT\n  create_time AS \"time\",\n  progress\nFROM ca_analysis\nWHERE\n  $__timeFilter(create_time)\nORDER BY 1",
          "refId": "A",
          "select": [
            [
              {
                "params": [
                  "progress"
                ],
                "type": "column"
              }
            ]
          ],
          "table": "ca_analysis",
          "timeColumn": "create_time",
          "timeColumnType": "timestamp",
          "where": [
            {
              "name": "$__timeFilter",
              "params": [],
              "type": "macro"
            }
          ]
        }
      ],
      "timeFrom": null,
      "timeShift": null,
      "type": "text"
    },
    {
      "cacheTimeout": null,
      "datasource": null,
      "gridPos": {
        "h": 8,
        "w": 8,
        "x": 16,
        "y": 0
      },
      "id": 4,
      "interval": null,
      "links": [],
      "options": {
        "content": "<a href=\"/d/ddREk75nk/demo-is-this-month-more-productive-than-last?orgId=1\">\n    <div style=\"vertical-align:center;text-align:center;margin:15px;padding-top:60px;\">\n        <img border=\"0\" src=\"/public/img/lake/trend.png\" alt=\"customer\" width=\"50\">\n        <p style=\"text-align:center;font-size:18px;margin:20px; color:#BFC1C8\"><b>Is this month more productive than last?<b></p>\n    </div>\n</a>",
        "mode": "html"
      },
      "pluginVersion": "8.0.6",
      "targets": [
        {
          "format": "time_series",
          "group": [],
          "metricColumn": "none",
          "rawQuery": false,
          "rawSql": "SELECT\n  create_time AS \"time\",\n  progress\nFROM ca_analysis\nWHERE\n  $__timeFilter(create_time)\nORDER BY 1",
          "refId": "A",
          "select": [
            [
              {
                "params": [
                  "progress"
                ],
                "type": "column"
              }
            ]
          ],
          "table": "ca_analysis",
          "timeColumn": "create_time",
          "timeColumnType": "timestamp",
          "where": [
            {
              "name": "$__timeFilter",
              "params": [],
              "type": "macro"
            }
          ]
        }
      ],
      "timeFrom": null,
      "timeShift": null,
      "type": "text"
    }
  ],
  "refresh": "",
  "schemaVersion": 30,
  "style": "dark",
  "tags": [],
  "templating": {
    "list": []
  },
  "time": {
    "from": "now-6M",
    "to": "now"
  },
  "timepicker": {},
  "timezone": "",
  "title": "Demo-Homepage",
  "uid": "0Rjxknc7z",
  "version": 7
}